start_frame,end_frame,duration_frames,x,y
1,20,20,777.952380952381,359.7142857142857
28,147,119,433.55833333333334,356.31666666666666
147,159,12,454.15384615384613,367.38461538461536
176,181,6,493.57142857142856,357.0
181,183,3,416.5,350.75
185,189,5,388.8333333333333,326.3333333333333
190,202,13,378.7857142857143,328.42857142857144
202,215,14,429.6666666666667,328.93333333333334
216,251,36,424.27027027027026,321.97297297297297
253,267,15,490.875,313.0625
268,276,9,409.4,285.9
276,284,8,426.44444444444446,325.22222222222223
285,292,8,455.8888888888889,323.3333333333333
294,301,7,491.75,349.375
302,303,3,481.25,323.0
305,319,15,434.0,317.8125
320,327,9,543.0,338.5
328,331,4,489.6,339.8
332,337,6,466.85714285714283,332.42857142857144
339,350,12,422.0,334.6923076923077
350,358,9,422.9,338.7
362,366,5,529.6666666666666,361.5
369,375,8,425.3333333333333,348.3333333333333
376,380,5,450.8333333333333,344.6666666666667
391,397,7,455.375,284.0
399,401,3,463.5,328.0
403,408,7,462.75,350.25
409,418,11,449.0,313.9166666666667
420,440,22,460.30434782608694,346.6521739130435
442,448,8,451.6666666666667,338.55555555555554
450,452,3,347.5,350.75
464,486,10,482.3636363636364,338.45454545454544
486,490,4,488.2,346.0
491,495,5,444.5,354.5
496,500,4,396.2,406.4
502,502,3,413.5,393.25
503,511,8,442.22222222222223,385.6666666666667
512,516,6,444.14285714285717,392.14285714285717
517,523,6,433.14285714285717,364.14285714285717
525,534,11,372.1666666666667,376.9166666666667
537,553,15,464.9375,366.4375
554,579,27,395.2857142857143,370.9642857142857
580,585,5,490.3333333333333,411.6666666666667
585,592,7,474.625,418.625
592,598,8,404.1111111111111,400.55555555555554
600,603,4,415.2,372.6
605,613,9,470.2,352.6
614,628,16,442.47058823529414,368.4117647058824
628,637,9,520.3,364.6
637,645,8,538.3333333333334,373.3333333333333
648,660,14,441.4,367.53333333333336
662,663,3,588.0,384.5
676,690,15,441.75,353.9375
690,699,9,402.9,369.3
700,712,13,333.7857142857143,349.5
714,725,12,488.0769230769231,324.0769230769231
726,739,13,452.7857142857143,285.57142857142856
752,756,5,355.6666666666667,316.1666666666667
759,766,9,142.5,313.3
768,778,11,471.25,325.75
778,781,4,561.6,330.4
782,799,8,541.4444444444445,343.1111111111111
800,824,13,532.7142857142857,332.42857142857144
826,834,9,649.9,306.3
834,838,3,623.75,249.0
840,843,4,408.2,65.8
845,846,3,422.25,110.25
858,862,6,510.42857142857144,330.7142857142857
863,872,11,602.1666666666666,327.75
873,880,7,694.0,317.5
883,888,7,507.75,331.375
900,909,10,508.1818181818182,309.3636363636364
910,915,6,486.7142857142857,330.2857142857143
916,922,8,477.0,323.6666666666667
937,957,11,457.25,330.5833333333333
958,987,12,450.61538461538464,341.84615384615387
988,1004,16,404.88235294117646,375.05882352941177
1005,1008,4,386.8,367.8
1020,1038,19,411.3,376.85
1039,1057,19,437.0,367.7
1057,1061,4,396.2,354.0
1061,1085,24,396.04,379.4
1085,1099,15,453.875,409.5
1113,1121,9,400.3,406.1
1123,1155,33,373.61764705882354,395.44117647058823
1155,1171,17,406.8888888888889,417.8888888888889
1172,1180,9,316.1,426.0
1181,1206,26,409.7037037037037,441.3333333333333
1215,1219,4,24.2,448.0
1222,1228,8,485.77777777777777,421.3333333333333
1241,1246,6,835.7142857142857,325.0
1249,1254,8,357.6666666666667,421.1111111111111
1273,1278,6,333.14285714285717,367.57142857142856
1279,1282,4,365.0,354.4
1282,1290,9,444.1,346.9
1291,1304,14,442.0,328.6
1305,1312,7,333.0,357.375
1312,1331,19,433.15,348.75
1333,1335,3,222.5,388.25
1347,1350,3,131.75,437.5
1363,1366,5,517.6666666666666,396.5
1368,1370,3,512.0,352.75
1372,1380,9,441.4,329.2
1380,1394,14,494.8,330.1333333333333
1395,1400,7,452.875,323.25
1412,1428,16,435.4117647058824,327.4117647058824
1430,1436,7,253.0,369.0
1437,1442,6,74.42857142857143,503.42857142857144
1454,1459,7,516.875,375.875
1460,1466,7,495.625,356.0
1470,1471,3,492.0,606.0
1483,1486,5,428.1666666666667,314.5
1502,1520,18,459.1578947368421,346.8421052631579
1522,1527,7,425.625,390.125
1541,1550,10,526.7272727272727,497.54545454545456
1552,1565,13,593.2142857142857,466.35714285714283
1566,1575,10,498.6363636363636,442.54545454545456
1580,1582,3,658.5,439.5
1593,1597,5,371.5,477.8333333333333
1599,1603,5,358.3333333333333,458.6666666666667
1604,1612,10,385.6363636363636,447.0
1613,1625,11,538.25,472.0
1625,1629,5,551.8333333333334,468.5
1631,1639,9,419.5,408.7
1640,1643,5,473.0,406.1666666666667
1644,1648,5,490.3333333333333,426.3333333333333
1651,1659,8,702.3333333333334,456.1111111111111
1672,1677,7,503.125,376.375
1677,1682,6,540.2857142857143,465.0
1686,1696,12,811.5384615384615,531.6923076923077
1707,1711,5,395.6666666666667,459.5
1712,1719,7,299.125,439.25
1751,1758,8,415.77777777777777,459.6666666666667
1759,1762,4,395.8,503.2
1763,1766,4,394.2,488.6
1767,1771,5,447.5,497.0
1772,1775,4,444.8,470.0
1777,1781,5,293.3333333333333,392.0
1783,1788,6,336.7142857142857,369.85714285714283
1788,1790,3,530.5,371.0
1792,1796,6,531.5714285714286,343.7142857142857
1797,1800,3,476.25,303.5
1801,1802,3,521.75,289.25
1810,1813,3,702.5,305.25
1813,1816,4,664.0,314.6
1819,1824,5,277.1666666666667,340.6666666666667
1824,1832,8,308.22222222222223,345.22222222222223
1833,1848,15,499.1875,392.0
1852,1856,5,221.66666666666666,355.8333333333333
1870,1878,8,382.22222222222223,362.8888888888889
1880,1896,18,274.2105263157895,288.1578947368421
1897,1904,7,307.125,291.125
1905,1910,6,525.4285714285714,414.2857142857143
1912,1929,19,487.45,398.0
1942,1957,18,77.78947368421052,320.0
1960,1973,15,339.75,316.6875
1976,1994,19,774.8,340.7
1996,1998,3,426.0,338.25
1999,2002,3,401.5,322.0
2019,2038,22,346.0,283.60869565217394
2040,2054,15,332.125,275.25
2064,2212,151,415.11842105263156,315.4342105263158
2213,2222,10,415.6363636363636,361.0
2223,2233,10,410.72727272727275,350.90909090909093
2238,2239,3,408.5,377.25
2242,2243,3,394.0,471.25
2244,2255,11,437.0833333333333,453.4166666666667
2260,2265,6,418.14285714285717,493.57142857142856
2266,2268,3,396.0,441.5
2283,2296,13,283.14285714285717,355.92857142857144
2298,2300,4,230.8,350.8
2302,2310,9,285.5,287.3
2334,2336,3,479.5,484.5
2340,2342,3,469.75,496.0
2343,2359,17,431.3888888888889,416.5
2360,2362,3,456.0,415.0
2364,2367,3,463.0,521.25
2368,2377,10,448.1818181818182,535.7272727272727
2381,2384,3,454.75,429.5
2385,2386,3,463.25,394.75
2388,2390,3,469.5,344.5
2390,2396,8,466.55555555555554,309.1111111111111
2402,2403,3,434.25,393.75
2405,2411,7,440.75,400.375
2413,2419,8,441.0,390.55555555555554
2420,2436,17,451.1111111111111,423.8888888888889
2436,2441,6,440.14285714285717,442.7142857142857
2443,2456,14,425.26666666666665,452.4
2456,2466,11,404.5833333333333,451.9166666666667
2467,2473,6,420.57142857142856,433.14285714285717
2475,2478,3,483.0,378.75
2479,2490,13,484.07142857142856,378.5
2491,2499,8,480.44444444444446,408.22222222222223
2500,2506,7,462.375,393.75
2523,2525,3,490.75,371.5
2526,2527,3,457.5,363.25
2531,2534,3,497.0,426.75
2548,2552,4,755.6,308.4
2564,2572,9,546.7,271.9
2577,2580,3,305.0,342.75
2626,2632,6,379.57142857142856,206.0
2632,2637,6,397.7142857142857,239.57142857142858
2640,2643,4,708.8,371.0
2645,2651,7,710.25,389.25
2672,2676,5,452.5,317.1666666666667
2683,2685,4,354.6,361.0
2690,2696,6,218.85714285714286,183.85714285714286
2739,2744,6,413.7142857142857,322.7142857142857
2754,2757,4,781.2,516.8
2760,2762,3,378.25,406.75
2766,2769,4,403.6,354.6
2776,2778,3,507.25,312.25
2812,2814,3,790.0,386.5
2833,2835,4,448.0,407.0
2839,2842,5,678.3333333333334,436.3333333333333
2847,2853,7,368.375,347.25
2866,2873,9,544.8,431.6
2876,2885,11,774.0833333333334,440.75
2889,2910,12,444.9230769230769,366.84615384615387
2912,2920,9,548.3,442.3
2923,2930,9,434.2,470.8
2932,2943,13,511.57142857142856,413.64285714285717
2946,2955,10,344.6363636363636,352.8181818181818
2958,2960,4,750.6,391.2
2962,2964,5,729.5,385.5
2967,2985,19,944.8,424.85
2988,3007,21,481.5,369.3636363636364
3007,3010,3,429.0,327.75
3011,3016,6,463.85714285714283,326.85714285714283
3026,3040,14,683.6666666666666,369.8666666666667
3041,3062,23,475.0416666666667,402.5
3065,3091,28,221.10344827586206,273.55172413793105
3092,3105,14,243.6,265.4
3106,3116,10,381.45454545454544,351.90909090909093
3133,3139,8,350.44444444444446,349.1111111111111
3140,3146,7,276.625,355.0
3147,3172,26,261.51851851851853,316.6296296296296
3173,3183,11,359.4166666666667,368.75
3186,3191,6,241.85714285714286,298.0
3191,3195,4,232.0,253.0
3195,3198,3,245.5,238.0
3207,3215,9,299.7,252.8
3216,3223,7,229.125,230.5
3224,3232,8,331.44444444444446,267.22222222222223
3242,3254,12,309.53846153846155,273.6923076923077
3255,3259,5,293.3333333333333,313.6666666666667
3260,3264,6,212.14285714285714,299.85714285714283
3266,3271,6,227.28571428571428,290.85714285714283
3271,3279,8,261.77777777777777,305.77777777777777
3280,3286,8,323.22222222222223,313.3333333333333
3298,3302,6,373.14285714285717,314.0
3303,3307,5,361.1666666666667,328.3333333333333
3310,3316,7,250.625,317.375
3319,3330,12,380.9230769230769,346.61538461538464
3331,3341,12,379.0,343.0
3343,3346,5,396.3333333333333,317.3333333333333
3348,3350,3,457.5,332.0
3352,3353,4,437.8,369.2
3354,3360,7,368.0,386.5
3361,3363,3,347.25,353.5
3366,3367,3,70.75,295.5
3373,3374,3,119.5,329.25
3374,3378,4,1.4,290.0
3379,3382,4,11.6,248.0
3382,3383,3,44.0,235.5
3384,3387,3,74.25,249.5
3388,3392,6,77.71428571428571,262.42857142857144
3393,3397,4,24.2,256.4
3399,3401,4,48.2,261.0
3403,3412,10,1.9090909090909092,216.0
3412,3413,3,25.25,211.0
3414,3420,6,7.714285714285714,208.42857142857142
3421,3423,4,3.6,225.0
3434,3439,6,3.142857142857143,246.42857142857142
3443,3444,3,123.5,215.5
3446,3448,3,136.5,260.0
3451,3455,5,289.3333333333333,315.1666666666667
3456,3464,9,287.3,277.5
3465,3472,7,264.25,273.5
3472,3480,9,308.6,287.5
3481,3489,9,335.9,285.5
3499,3506,9,395.8,295.5
3507,3529,22,408.7826086956522,299.69565217391306
3529,3532,3,372.5,328.0
3536,3537,3,0.0,493.25
3538,3546,8,39.0,463.55555555555554
3549,3553,5,625.5,352.5
3559,3562,4,81.6,410.0
3562,3564,4,141.2,378.6
3570,3571,3,702.0,315.0
3584,3589,6,50.857142857142854,382.0
3593,3594,3,634.5,326.25
3596,3602,7,596.125,322.625
3603,3606,4,573.0,309.4
3607,3619,12,562.2307692307693,307.38461538461536
3619,3626,8,602.8888888888889,308.0
3627,3630,4,585.0,340.8
3631,3636,6,575.7142857142857,369.7142857142857
3646,3652,6,547.1428571428571,403.42857142857144
3656,3658,3,309.75,439.5
3660,3662,4,358.8,422.4
3663,3675,13,433.14285714285717,405.64285714285717
3676,3679,3,425.25,420.5
3680,3686,8,417.8888888888889,413.3333333333333
3688,3696,8,527.3333333333334,368.22222222222223
3697,3705,9,364.9,425.0
3708,3716,10,588.2727272727273,451.45454545454544
3721,3723,3,662.25,429.25
3725,3727,4,634.2,439.6
3735,3738,3,676.75,500.0
3748,3752,5,371.1666666666667,419.8333333333333
3755,3759,5,614.6666666666666,461.8333333333333
3760,3772,13,586.4285714285714,479.92857142857144
3772,3778,6,586.5714285714286,442.42857142857144
3780,3782,3,714.75,432.0
3783,3786,4,672.6,423.8
3789,3794,5,703.1666666666666,356.1666666666667
3794,3800,7,680.75,358.125
3802,3804,5,659.6666666666666,347.3333333333333
3806,3808,4,690.8,349.4
3810,3813,5,654.0,358.5
3815,3817,3,615.0,346.25
3817,3821,4,544.0,346.8
3825,3825,3,337.75,388.0
3830,3832,3,608.25,345.75
3832,3834,3,566.0,334.0
3836,3840,5,532.0,334.8333333333333
3841,3845,5,538.3333333333334,347.3333333333333
3846,3851,6,629.8571428571429,359.0
3854,3860,7,446.25,354.875
3862,3867,8,483.0,357.77777777777777
3870,3873,5,649.1666666666666,381.1666666666667
3875,3890,16,476.0,361.29411764705884
3900,3907,9,498.5,350.2
3909,3918,10,449.1818181818182,342.0
3919,3931,14,393.8666666666667,345.4
3933,3939,7,335.375,298.375
3941,3949,9,561.2,372.9
3952,3956,6,475.0,360.2857142857143
3956,3974,18,466.05263157894734,384.3157894736842
3975,3997,22,477.7826086956522,392.39130434782606
3997,4005,8,461.3333333333333,393.55555555555554
4016,4023,9,437.1,408.3
4025,4027,4,370.8,428.4
4029,4036,8,246.33333333333334,450.6666666666667
4036,4039,3,298.75,436.75
4040,4047,9,396.8,411.3
4048,4056,9,513.8,394.6
4057,4066,9,552.6,385.4
4094,4098,5,181.66666666666666,420.1666666666667
4099,4103,6,201.85714285714286,418.2857142857143
4104,4107,4,236.6,399.4
4110,4112,3,21.5,313.0
4113,4115,3,69.25,319.5
4120,4125,5,410.8333333333333,373.5
4126,4133,8,599.4444444444445,450.3333333333333
4136,4140,4,385.0,333.0
4140,4142,3,404.0,302.5
4146,4147,3,296.75,290.0
4149,4155,7,304.125,307.25
4156,4159,3,309.75,270.5
4160,4162,3,264.5,254.75
4164,4166,3,310.5,193.0
4179,4192,13,455.64285714285717,298.85714285714283
4192,4196,6,462.2857142857143,346.7142857142857
4197,4220,12,433.2307692307692,355.61538461538464
4222,4228,8,365.8888888888889,385.55555555555554
4230,4239,11,325.4166666666667,346.0833333333333
4240,4250,9,344.3,218.3
4252,4257,7,459.75,372.25
4269,4283,15,428.6875,346.0
4283,4286,3,449.5,357.0
4287,4293,7,444.625,391.625
4293,4301,9,471.3,376.7
4303,4306,5,483.6666666666667,356.3333333333333
4308,4312,5,494.8333333333333,368.8333333333333
4313,4314,4,474.0,363.8
4326,4335,10,482.0,330.0
4336,4346,11,543.0,338.75
4346,4364,18,510.36842105263156,347.10526315789474
4365,4373,10,499.54545454545456,379.09090909090907
4374,4389,15,500.1875,343.4375
4389,4400,11,500.5,331.5833333333333
4400,4417,17,480.72222222222223,333.94444444444446
4419,4421,4,496.6,363.2
4423,4433,12,508.2307692307692,391.0769230769231
4433,4440,7,533.125,382.875
4443,4451,8,650.5555555555555,334.1111111111111
4463,4475,13,543.7857142857143,394.07142857142856
4476,4480,5,559.3333333333334,392.8333333333333
4483,4489,8,375.44444444444446,402.3333333333333
4490,4492,3,414.0,432.75
4493,4496,3,572.75,430.25
4509,4513,5,520.6666666666666,374.1666666666667
4530,4535,6,508.57142857142856,384.14285714285717
4537,4543,6,519.0,459.7142857142857
4544,4550,7,511.375,429.625
4552,4553,4,465.8,427.0
4554,4556,3,469.75,420.75
4558,4567,10,541.0909090909091,360.45454545454544
4569,4571,4,559.0,363.8
4582,4583,4,528.2,397.8
4584,4603,18,531.8947368421053,420.10526315789474
4604,4614,13,564.3571428571429,436.5
4618,4622,5,452.0,424.3333333333333
4634,4642,8,598.1111111111111,445.6666666666667
4655,4656,3,645.0,446.25
4670,4674,7,625.25,428.75
4680,4681,3,837.25,390.75
4682,4686,4,792.0,394.8
4687,4695,8,561.8888888888889,374.1111111111111
4695,4702,8,582.8888888888889,368.1111111111111
4713,4720,6,742.2857142857143,403.42857142857144
4721,4724,4,538.4,356.8
4728,4730,4,332.8,424.0
4745,4747,4,87.8,331.4
4749,4762,14,19.066666666666666,312.46666666666664
4762,4764,4,33.6,301.4
4766,4771,6,0.0,250.85714285714286
4772,4775,4,25.2,252.8
4776,4784,8,133.44444444444446,295.8888888888889
4794,4806,13,0.0,210.92857142857142
4823,4830,7,0.0,113.875
4836,4837,3,699.0,345.0
4839,4841,3,505.25,315.5
4862,4865,3,530.0,303.0
4865,4870,5,529.0,308.1666666666667
4884,4888,5,618.1666666666666,342.6666666666667
4890,4892,3,572.5,333.0
4892,4895,3,551.0,319.25
4896,4897,3,572.25,297.5
4899,4900,3,520.5,296.0
4912,4916,5,417.1666666666667,338.0
4916,4920,5,424.6666666666667,354.1666666666667
4922,4927,6,597.5714285714286,367.57142857142856
4929,4930,3,567.25,359.25
4931,4938,7,496.625,345.625
4939,4943,6,399.14285714285717,328.0
4944,4947,4,416.0,323.2
4950,4953,5,414.0,303.1666666666667
4955,4957,3,452.0,293.25
4957,4960,3,520.0,294.75
4961,4968,7,605.625,299.25
4969,4976,9,521.8,292.6
4978,4980,3,480.25,323.75
4981,4991,10,507.72727272727275,346.09090909090907
4991,4996,6,563.4285714285714,375.85714285714283
5000,5006,7,240.0,399.25
5006,5020,14,235.26666666666668,385.6
5023,5030,10,640.5454545454545,395.90909090909093
5032,5040,9,630.4,360.6
5041,5045,5,503.5,388.3333333333333
5046,5049,4,501.8,342.0
5050,5051,3,512.75,313.25
5054,5056,3,631.25,326.25
5066,5072,7,458.875,297.875
5073,5081,8,683.4444444444445,321.0
5083,5090,9,521.6,355.3
5092,5093,4,483.2,294.6
5107,5148,19,372.25,309.65
5149,5160,12,296.38461538461536,358.3076923076923
5160,5163,4,343.4,352.0
5165,5166,3,345.75,344.5
5167,5173,6,286.57142857142856,358.7142857142857
5176,5182,8,411.6666666666667,371.44444444444446
5183,5190,7,348.0,372.25
5191,5195,5,302.6666666666667,338.5
5196,5199,4,318.2,336.6
5201,5212,10,417.3636363636364,354.1818181818182
5212,5221,10,346.6363636363636,368.09090909090907
5222,5231,10,378.90909090909093,355.6363636363636
5233,5243,12,476.61538461538464,358.53846153846155
5244,5253,9,564.9,352.9
5264,5269,5,567.8333333333334,335.5
5269,5290,21,518.5,341.3636363636364
5291,5299,9,544.1,352.7
5300,5311,12,552.3846153846154,380.38461538461536
5311,5324,13,567.3571428571429,411.5
5325,5333,10,596.6363636363636,418.90909090909093
5334,5353,19,616.15,415.25
5354,5356,4,603.0,435.6
5358,5364,8,508.0,420.1111111111111
5364,5375,10,458.0,427.09090909090907
5375,5385,10,556.0,449.3636363636364
5385,5390,6,546.1428571428571,446.57142857142856
5392,5396,6,544.4285714285714,429.7142857142857
5397,5403,7,519.0,427.125
5403,5416,13,498.0,429.64285714285717
5418,5424,9,469.8,423.1
5426,5443,18,429.3157894736842,424.36842105263156
5443,5452,9,466.9,455.1
5452,5457,6,456.0,441.7142857142857
5469,5476,9,472.8,370.8
5478,5491,15,499.875,379.75
5491,5526,36,503.94594594594594,376.2432432432432
5527,5535,8,502.1111111111111,404.44444444444446
5536,5542,7,489.125,374.0
5542,5557,17,501.22222222222223,412.6111111111111
5559,5563,5,462.5,396.6666666666667
5573,5585,13,455.57142857142856,374.2142857142857
5587,5598,11,500.4166666666667,399.3333333333333
5598,5603,6,475.42857142857144,386.85714285714283
5603,5613,11,414.3333333333333,370.4166666666667
5625,5633,10,435.90909090909093,345.0
5646,5651,6,485.2857142857143,344.0
5651,5667,17,419.22222222222223,336.55555555555554
5670,5676,8,501.0,361.1111111111111
5677,5686,10,411.72727272727275,384.27272727272725
5688,5694,7,414.125,428.875
5696,5697,3,425.25,416.75
5700,5705,6,495.2857142857143,394.0
5706,5710,6,492.7142857142857,421.2857142857143
5711,5716,6,400.2857142857143,393.7142857142857
5719,5722,3,384.0,338.75
5722,5740,18,317.10526315789474,350.8421052631579
5741,5749,8,524.6666666666666,359.1111111111111
5750,5758,10,337.45454545454544,359.6363636363636
5761,5767,7,576.375,362.625
5770,5780,10,191.36363636363637,377.1818181818182
5780,5786,7,172.125,340.125
5787,5799,12,170.3846153846154,327.46153846153845
5799,5803,4,199.8,345.4
5805,5816,12,458.6923076923077,390.7692307692308
5818,5823,7,850.875,402.75
5836,5840,5,414.6666666666667,359.0
5842,5850,10,377.0,330.27272727272725
5851,5859,8,229.77777777777777,356.6666666666667
5860,5872,12,246.69230769230768,372.84615384615387
5872,5876,5,460.5,356.3333333333333
5887,5902,15,424.125,380.75
5902,5919,18,427.8421052631579,392.94736842105266
5920,5929,10,359.3636363636364,401.45454545454544
5930,5954,25,506.4230769230769,436.5769230769231
5955,5967,14,497.0,466.46666666666664
5968,5975,8,486.3333333333333,400.55555555555554
5976,5996,21,472.40909090909093,393.04545454545456
5997,6020,24,385.8,420.12
6032,6035,3,943.75,392.0
6035,6039,5,899.8333333333334,360.5
6041,6044,4,685.4,279.4
6056,6058,3,316.25,294.5
6058,6062,5,368.0,291.5
6074,6078,4,400.6,300.8
6078,6080,3,274.75,316.0
6095,6105,12,309.84615384615387,332.84615384615387
6106,6116,10,528.9090909090909,352.8181818181818
6118,6123,6,781.5714285714286,377.0
6125,6126,3,824.75,377.0
6127,6139,12,947.3846153846154,378.38461538461536
6140,6146,7,604.75,314.625
6148,6152,5,339.1666666666667,337.0
6153,6172,21,346.6363636363636,332.27272727272725
6176,6181,6,825.4285714285714,384.7142857142857
6181,6187,6,793.1428571428571,381.0
6190,6199,10,358.6363636363636,363.54545454545456
6200,6211,13,490.85714285714283,358.7857142857143
6213,6219,7,694.25,379.25
6221,6242,23,479.0,350.1666666666667
6243,6246,3,454.25,334.25
6246,6264,20,414.7142857142857,341.04761904761904
6266,6283,17,426.8333333333333,347.72222222222223
6284,6294,13,543.2857142857143,358.7142857142857
6296,6303,9,426.9,351.3
6306,6313,7,639.75,372.0
6313,6318,5,738.3333333333334,349.0
6318,6323,7,714.125,335.625
6326,6336,12,460.2307692307692,361.15384615384613
6350,6360,11,611.8333333333334,356.8333333333333
6360,6363,4,560.0,376.2
6363,6374,10,435.3636363636364,410.1818181818182
6375,6388,15,560.5,402.5625
6391,6400,10,679.0,450.90909090909093
6401,6410,9,485.7,416.4
6412,6417,7,358.0,408.25
6418,6425,7,331.625,447.625
6427,6434,8,434.1111111111111,384.8888888888889
6436,6444,10,256.0,396.90909090909093
6447,6461,15,522.75,416.875
6476,6483,8,441.55555555555554,396.6666666666667
6486,6496,12,705.3846153846154,468.38461538461536
6500,6508,10,444.3636363636364,381.1818181818182
6523,6528,6,479.42857142857144,391.7142857142857
6543,6554,11,450.75,417.5
6556,6564,9,760.1,531.2
6568,6573,6,588.0,443.14285714285717
6575,6584,9,421.9,425.5
6584,6590,7,428.375,433.875
6592,6601,11,355.5,435.1666666666667
6601,6603,3,343.75,457.25
6605,6616,12,340.3076923076923,463.3076923076923
6616,6619,3,348.75,450.75
6622,6628,7,305.75,460.875
6632,6643,11,484.4166666666667,457.5833333333333
6644,6653,12,466.6923076923077,462.2307692307692
6654,6663,10,451.0,463.27272727272725
6665,6667,4,441.8,481.4
6669,6682,13,396.64285714285717,474.14285714285717
6682,6693,13,410.64285714285717,462.14285714285717
6695,6717,24,372.8,461.36
6718,6733,16,394.47058823529414,454.8235294117647
6734,6748,16,386.3529411764706,433.5882352941176
6752,6757,6,191.28571428571428,407.14285714285717
6761,6772,12,417.2307692307692,398.38461538461536
6774,6777,5,297.0,410.1666666666667
6778,6782,4,371.8,423.2
6783,6785,3,519.0,463.75
6798,6800,3,124.0,329.0
6802,6803,3,172.75,322.5
6804,6812,8,497.3333333333333,358.6666666666667
6813,6815,3,515.75,372.75
6817,6823,6,700.1428571428571,414.14285714285717
6849,6858,11,461.5,354.1666666666667
6859,6864,7,364.875,386.5
6867,6900,34,580.0285714285715,346.0
6901,6907,8,608.7777777777778,381.6666666666667
6909,6913,5,591.8333333333334,382.3333333333333
6914,6916,4,441.8,345.6
6918,6924,8,423.1111111111111,318.8888888888889
6933,6946,13,370.07142857142856,220.0
6946,6983,36,413.5135135135135,206.0
6984,6984,3,414.25,230.25
6987,6995,8,327.8888888888889,364.77777777777777
6997,7006,10,442.1818181818182,385.09090909090907
7009,7012,3,861.25,397.0
7012,7013,3,823.75,387.0
7014,7017,4,794.6,369.0
7018,7021,3,730.75,337.0
7022,7025,3,559.0,264.5
7029,7031,3,604.5,332.75
7035,7038,3,433.25,373.25
7038,7042,6,450.42857142857144,345.0
7044,7056,12,437.2307692307692,281.53846153846155
7057,7060,3,147.0,263.0
7068,7069,3,142.5,375.0
7090,7098,8,478.44444444444446,451.3333333333333
7099,7102,3,237.5,385.75
7102,7104,4,277.4,378.8
7126,7128,3,555.25,362.25
7129,7133,6,516.0,355.14285714285717
7134,7138,4,469.0,309.4
7140,7143,5,461.8333333333333,354.3333333333333
7145,7150,6,464.14285714285717,344.57142857142856
7151,7158,8,459.3333333333333,328.55555555555554
7159,7164,7,429.75,452.0
7164,7210,47,491.9375,452.125
7213,7220,8,403.0,409.1111111111111
7222,7241,21,483.54545454545456,359.90909090909093
7243,7250,8,460.22222222222223,361.1111111111111
7252,7270,20,438.76190476190476,356.2857142857143
7270,7288,19,461.85,360.95
7290,7309,20,639.0,404.3809523809524
7312,7339,29,461.2,383.3333333333333
7342,7344,5,609.0,408.8333333333333
7351,7352,3,490.75,488.0
7355,7357,3,514.75,472.25
7359,7368,9,393.7,460.6
7368,7370,3,408.5,477.0
7372,7383,14,518.9333333333333,475.4
7385,7386,3,497.25,501.75
7387,7394,7,479.5,495.625
7395,7407,13,481.85714285714283,468.2857142857143
7408,7415,7,470.125,461.625
7423,7425,4,379.6,460.4
7426,7430,4,387.6,412.0
7432,7436,5,422.5,424.5
7436,7437,3,416.75,445.0
7438,7443,6,433.14285714285717,419.42857142857144
7445,7451,8,442.0,431.55555555555554
7453,7455,4,447.0,402.6
7456,7463,8,479.44444444444446,395.55555555555554
7464,7470,6,664.8571428571429,408.2857142857143
7470,7476,7,642.25,396.125
7477,7492,6,486.85714285714283,410.57142857142856
7513,7522,10,483.54545454545456,328.90909090909093
7523,7530,7,594.5,375.75
7532,7537,6,674.0,358.85714285714283
7539,7546,8,473.44444444444446,340.22222222222223
7576,7582,6,397.0,314.0
7603,7606,5,365.5,278.1666666666667
7643,7644,3,475.25,349.0
7646,7648,3,512.0,369.0
7670,7673,5,555.6666666666666,382.5
7674,7677,3,538.25,382.5
7685,7689,5,595.6666666666666,321.1666666666667
7695,7699,5,544.3333333333334,355.8333333333333
7700,7706,7,465.25,375.875
7706,7708,3,490.0,394.25
7737,7741,4,600.8,451.0
7741,7746,5,603.3333333333334,451.0
7747,7754,7,485.625,454.875
7755,7760,6,734.1428571428571,503.0
7764,7766,3,722.75,471.5
7770,7771,3,477.75,462.75
7783,7785,4,490.2,598.4
7790,7792,3,493.25,477.0
7792,7798,7,479.5,484.125
7801,7805,4,291.8,625.6
7828,7830,3,592.25,460.25
7832,7837,6,496.0,432.0
7844,7846,4,144.2,500.6
7854,7857,3,629.5,403.0
7858,7862,5,590.6666666666666,425.0
7863,7867,5,474.5,434.0
7873,7875,4,107.2,450.6
7882,7884,4,658.4,414.4
7886,7887,4,628.4,405.4
7888,7897,9,598.8,390.1
7897,7905,8,626.1111111111111,406.3333333333333
7906,7910,5,613.0,383.6666666666667
7912,7914,5,629.6666666666666,385.6666666666667
7916,7922,8,537.0,374.0
7923,7927,5,731.6666666666666,386.1666666666667
7929,7935,7,747.625,380.125
7936,7939,4,670.4,350.4
7942,7943,5,357.0,360.8333333333333
7946,7948,4,353.2,330.4
7950,7951,3,378.0,297.75
7952,7956,5,458.6666666666667,274.8333333333333
7959,7961,3,646.0,264.5
7963,7969,8,649.3333333333334,289.8888888888889
7972,7976,4,398.6,315.4
7977,7981,5,409.0,280.3333333333333
7981,7985,5,397.3333333333333,268.6666666666667
7986,7990,4,385.8,289.4
7990,7998,8,370.0,288.22222222222223
7999,8002,5,410.3333333333333,304.1666666666667
8003,8011,9,491.0,298.2
8013,8019,6,445.14285714285717,277.85714285714283
8019,8026,8,467.3333333333333,300.22222222222223
8028,8032,6,473.57142857142856,310.42857142857144
8034,8042,9,518.7,301.0
8043,8046,3,535.0,328.75
8046,8049,3,523.0,355.5
8050,8062,12,472.0,368.61538461538464
8062,8070,9,559.6,371.4
8072,8076,6,473.14285714285717,381.14285714285717
8077,8089,12,485.61538461538464,415.6923076923077
8092,8098,9,588.2,431.2
8100,8111,12,477.46153846153845,445.84615384615387
8113,8119,7,653.25,463.625
8120,8128,9,539.1,426.8
8130,8152,22,449.4347826086956,444.2173913043478
8152,8157,6,381.0,429.0
8158,8175,7,397.375,424.625
8176,8179,4,421.0,444.4
8180,8187,8,470.0,437.1111111111111
8187,8199,12,450.61538461538464,450.6923076923077
8200,8209,10,444.3636363636364,461.8181818181818
8210,8216,8,431.77777777777777,441.1111111111111
8217,8239,22,390.69565217391306,437.4782608695652
8240,8246,8,497.22222222222223,430.77777777777777
8247,8253,7,340.5,439.875
8263,8265,3,58.75,494.5
8273,8281,8,577.7777777777778,427.44444444444446
8281,8293,12,483.61538461538464,380.61538461538464
8295,8302,7,406.5,373.125
8302,8308,8,432.6666666666667,367.44444444444446
8310,8320,11,527.5833333333334,379.8333333333333
8321,8332,11,483.0,356.3333333333333
8332,8334,4,557.6,362.2
8336,8342,7,552.5,358.375
8343,8349,7,548.875,402.625
8350,8355,6,434.85714285714283,417.85714285714283
8364,8368,4,624.0,424.6
8368,8371,3,661.25,466.25
8375,8376,3,708.75,538.75
8381,8386,6,394.7142857142857,502.14285714285717
8388,8389,3,416.5,490.0
8392,8396,5,548.0,553.8333333333334
8397,8398,3,508.25,524.0
8407,8410,4,395.2,313.2
8411,8414,4,441.4,321.2
8415,8423,10,544.7272727272727,319.45454545454544
8426,8431,6,449.85714285714283,328.85714285714283
8432,8440,9,509.7,353.1
8441,8450,10,378.8181818181818,364.72727272727275
8452,8454,5,566.3333333333334,417.6666666666667
8454,8457,3,554.25,411.5
8460,8467,9,433.8,410.7
8471,8478,7,646.625,420.125
8480,8488,10,441.90909090909093,394.3636363636364
8488,8496,8,399.44444444444446,386.0
8497,8505,9,511.7,407.1
8508,8512,6,356.57142857142856,381.42857142857144
8513,8516,4,397.6,372.2
8517,8529,13,493.0,392.42857142857144
8530,8535,6,404.42857142857144,380.42857142857144
8536,8539,3,446.5,386.25
8539,8544,7,514.75,397.625
8546,8548,3,517.75,427.0
8550,8556,7,469.25,426.375
8557,8564,7,498.25,451.0
8564,8568,5,536.0,444.8333333333333
8569,8574,7,662.75,435.875
8581,8594,14,489.73333333333335,441.3333333333333
8595,8602,9,419.2,446.5
8604,8611,8,600.5555555555555,432.77777777777777
8612,8617,6,495.85714285714283,436.0
8619,8629,12,486.0769230769231,421.38461538461536
8630,8633,5,497.6666666666667,394.8333333333333
8634,8642,8,518.8888888888889,374.55555555555554
8643,8651,9,475.3,345.9
8653,8656,5,479.6666666666667,369.8333333333333
8658,8675,19,465.9,391.05
8676,8702,27,501.75,387.42857142857144
8703,8707,5,580.8333333333334,380.0
8709,8711,3,561.0,376.5
8713,8718,7,523.5,366.625
8720,8724,6,540.8571428571429,282.14285714285717
8726,8740,15,479.4375,383.6875
8740,8752,14,483.26666666666665,384.6
8758,8760,3,47.0,332.0
8765,8766,3,144.5,339.5
8773,8776,5,0.0,387.3333333333333
8782,8784,4,623.4,412.2
8786,8790,4,613.8,434.4
8791,8795,5,672.5,435.6666666666667
8796,8800,5,659.6666666666666,461.8333333333333
8801,8805,4,656.6,485.0
8805,8808,3,658.0,500.75
8809,8810,3,636.5,465.75
8812,8835,25,614.6538461538462,404.6923076923077
8836,8842,7,657.5,436.0
8842,8846,5,646.1666666666666,425.1666666666667
8847,8850,4,693.2,398.4
8851,8856,5,686.6666666666666,388.8333333333333
8856,8863,7,727.0,385.875
8864,8868,5,712.1666666666666,361.6666666666667
8869,8870,3,687.75,336.5
8872,8877,7,651.75,317.25
8880,8882,4,634.8,274.8
8883,8886,3,551.5,277.75
8887,8891,5,319.1666666666667,298.8333333333333
8894,8910,17,172.38888888888889,301.1111111111111
8912,8917,6,516.4285714285714,365.85714285714283
8919,8929,12,489.46153846153845,353.15384615384613
8930,8936,7,466.5,352.625
8940,8942,5,497.3333333333333,707.1666666666666
8945,8949,5,430.6666666666667,708.0
8953,8992,31,486.38709677419354,364.38709677419354
